type,data-set,entityid,permission,role
RolePrivilege,0,default_data:2,abview,adjuster
RolePrivilege,0,default_data:3,abviewsearch,adjuster
RolePrivilege,0,default_data:4,actcreate,adjuster
RolePrivilege,0,default_data:5,actcreateclsd,adjuster
RolePrivilege,0,default_data:6,actown,adjuster
RolePrivilege,0,default_data:7,actqueuenext,adjuster
RolePrivilege,0,default_data:8,actraown,adjuster
RolePrivilege,0,default_data:9,actraunown,adjuster
RolePrivilege,0,default_data:10,actview,adjuster
RolePrivilege,0,default_data:12,anytagview,adjuster
RolePrivilege,0,default_data:13,assocmanage,adjuster
RolePrivilege,0,default_data:14,assocview,adjuster
RolePrivilege,0,default_data:15,bulkinvcreate,adjuster
RolePrivilege,0,default_data:16,bulkinvdelete,adjuster
RolePrivilege,0,default_data:17,bulkinvedit,adjuster
RolePrivilege,0,default_data:18,bulkinvview,adjuster
RolePrivilege,0,default_data:19,checktransfer,adjuster
RolePrivilege,0,default_data:20,claimclose,adjuster
RolePrivilege,0,default_data:21,claimcreate,adjuster
RolePrivilege,0,default_data:22,claimedit,adjuster
RolePrivilege,0,default_data:23,claimintegadmin,adjuster
RolePrivilege,0,default_data:24,claimown,adjuster
RolePrivilege,0,default_data:25,claimprint,adjuster
RolePrivilege,0,default_data:26,claimprtsmanage,adjuster
RolePrivilege,0,default_data:27,claimraown,adjuster
RolePrivilege,0,default_data:28,claimraunown,adjuster
RolePrivilege,0,default_data:29,claimreopen,adjuster
RolePrivilege,0,default_data:30,claimselectplcy,adjuster
RolePrivilege,0,default_data:31,claimusermanage,adjuster
RolePrivilege,0,default_data:32,claimvalidate,adjuster
RolePrivilege,0,default_data:33,claimview,adjuster
RolePrivilege,0,default_data:34,claimviewpay,adjuster
RolePrivilege,0,default_data:35,claimviewrec,adjuster
RolePrivilege,0,default_data:36,claimviewrecres,adjuster
RolePrivilege,0,default_data:37,claimviewres,adjuster
RolePrivilege,0,default_data:38,ctccreate,adjuster
RolePrivilege,0,default_data:39,ctcedit,adjuster
RolePrivilege,0,default_data:40,ctcview,adjuster
RolePrivilege,0,default_data:41,doccreate,adjuster
RolePrivilege,0,default_data:42,doccreateclsd,adjuster
RolePrivilege,0,default_data:43,docedit,adjuster
RolePrivilege,0,default_data:44,docview,adjuster
RolePrivilege,0,default_data:45,editSensMCMdetails,adjuster
RolePrivilege,0,default_data:46,editsubrodetails,adjuster
RolePrivilege,0,default_data:47,evalcreate,adjuster
RolePrivilege,0,default_data:48,evaledit,adjuster
RolePrivilege,0,default_data:49,evalview,adjuster
RolePrivilege,0,default_data:50,expclose,adjuster
RolePrivilege,0,default_data:51,expcreate,adjuster
RolePrivilege,0,default_data:52,expedit,adjuster
RolePrivilege,0,default_data:53,expown,adjuster
RolePrivilege,0,default_data:54,expraown,adjuster
RolePrivilege,0,default_data:55,expraunown,adjuster
RolePrivilege,0,default_data:56,expreopen,adjuster
RolePrivilege,0,default_data:57,expvalidate,adjuster
RolePrivilege,0,default_data:58,expview,adjuster
RolePrivilege,0,default_data:59,lvprint,adjuster
RolePrivilege,0,default_data:60,manpaycreate,adjuster
RolePrivilege,0,default_data:61,manpaydelete,adjuster
RolePrivilege,0,default_data:62,manpayedit,adjuster
RolePrivilege,0,default_data:63,mttrclose,adjuster
RolePrivilege,0,default_data:64,mttrcreate,adjuster
RolePrivilege,0,default_data:65,mttredit,adjuster
RolePrivilege,0,default_data:66,mttrown,adjuster
RolePrivilege,0,default_data:67,mttrraown,adjuster
RolePrivilege,0,default_data:68,mttrraunown,adjuster
RolePrivilege,0,default_data:69,mttrreopen,adjuster
RolePrivilege,0,default_data:70,mttrview,adjuster
RolePrivilege,0,default_data:71,ngtncreate,adjuster
RolePrivilege,0,default_data:72,ngtnedit,adjuster
RolePrivilege,0,default_data:73,ngtnview,adjuster
RolePrivilege,0,default_data:74,notecreate,adjuster
RolePrivilege,0,default_data:75,notecreateclsd,adjuster
RolePrivilege,0,default_data:76,noteedit,adjuster
RolePrivilege,0,default_data:77,noteview,adjuster
RolePrivilege,0,default_data:78,noteviewconf,adjuster
RolePrivilege,0,default_data:79,paycreate,adjuster
RolePrivilege,0,default_data:80,paydelete,adjuster
RolePrivilege,0,default_data:81,payedit,adjuster
RolePrivilege,0,default_data:82,payrecode,adjuster
RolePrivilege,0,default_data:83,paystop,adjuster
RolePrivilege,0,default_data:84,payvoid,adjuster
RolePrivilege,0,default_data:85,plcyedit,adjuster
RolePrivilege,0,default_data:86,plcymakeeditable,adjuster
RolePrivilege,0,default_data:87,plcyview,adjuster
RolePrivilege,0,default_data:88,reccreate,adjuster
RolePrivilege,0,default_data:89,recdelete,adjuster
RolePrivilege,0,default_data:90,recedit,adjuster
RolePrivilege,0,default_data:91,recrescreate,adjuster
RolePrivilege,0,default_data:92,recresdelete,adjuster
RolePrivilege,0,default_data:93,recresedit,adjuster
RolePrivilege,0,default_data:94,recvoid,adjuster
RolePrivilege,0,default_data:95,rescreate,adjuster
RolePrivilege,0,default_data:96,resdelete,adjuster
RolePrivilege,0,default_data:97,resedit,adjuster
RolePrivilege,0,default_data:98,reviewcreate,adjuster
RolePrivilege,0,default_data:99,reviewdeleteincomplete,adjuster
RolePrivilege,0,default_data:100,reviewedit,adjuster
RolePrivilege,0,default_data:101,reviewviewdetail,adjuster
RolePrivilege,0,default_data:102,reviewviewlist,adjuster
RolePrivilege,0,default_data:103,sendemail,adjuster
RolePrivilege,0,default_data:104,usereditlang,adjuster
RolePrivilege,0,default_data:105,userviewall,adjuster
RolePrivilege,0,default_data:106,viewactcal,adjuster
RolePrivilege,0,default_data:107,viewassociations,adjuster
RolePrivilege,0,default_data:108,viewclaimbasics,adjuster
RolePrivilege,0,default_data:109,viewclaimevals,adjuster
RolePrivilege,0,default_data:110,viewclaimhistory,adjuster
RolePrivilege,0,default_data:111,viewclaimngtns,adjuster
RolePrivilege,0,default_data:112,viewclaimnotes,adjuster
RolePrivilege,0,default_data:113,viewclaimparties,adjuster
RolePrivilege,0,default_data:114,viewclaimsummary,adjuster
RolePrivilege,0,default_data:115,viewclaimsync,adjuster
RolePrivilege,0,default_data:116,viewdesktop,adjuster
RolePrivilege,0,default_data:117,viewdocs,adjuster
RolePrivilege,0,default_data:118,viewexposures,adjuster
RolePrivilege,0,default_data:119,viewfinsum,adjuster
RolePrivilege,0,default_data:120,viewmatters,adjuster
RolePrivilege,0,default_data:121,viewmednote,adjuster
RolePrivilege,0,default_data:122,viewpolicy,adjuster
RolePrivilege,0,default_data:123,viewsearch,adjuster
RolePrivilege,0,default_data:124,viewSensMCMdetails,adjuster
RolePrivilege,0,default_data:125,viewsnapshot,adjuster
RolePrivilege,0,default_data:126,viewsubrodetails,adjuster
RolePrivilege,0,default_data:127,viewvacation,adjuster
RolePrivilege,0,default_data:128,viewworkload,adjuster
RolePrivilege,0,default_data:129,viewworkplan,adjuster
RolePrivilege,0,default_data:130,catmanage,catastrophe_admin
RolePrivilege,0,default_data:131,catview,catastrophe_admin
RolePrivilege,0,default_data:132,usereditlang,catastrophe_admin
RolePrivilege,0,default_data:133,abcreate,claims_supervisor
RolePrivilege,0,default_data:134,abdelete,claims_supervisor
RolePrivilege,0,default_data:135,abedit,claims_supervisor
RolePrivilege,0,default_data:136,abview,claims_supervisor
RolePrivilege,0,default_data:137,abviewsearch,claims_supervisor
RolePrivilege,0,default_data:138,actcreate,claims_supervisor
RolePrivilege,0,default_data:139,actcreateclsd,claims_supervisor
RolePrivilege,0,default_data:140,acteditunowned,claims_supervisor
RolePrivilege,0,default_data:141,actmakemand,claims_supervisor
RolePrivilege,0,default_data:142,actown,claims_supervisor
RolePrivilege,0,default_data:143,actqueuenext,claims_supervisor
RolePrivilege,0,default_data:144,actqueuepick,claims_supervisor
RolePrivilege,0,default_data:145,actraown,claims_supervisor
RolePrivilege,0,default_data:146,actraunown,claims_supervisor
RolePrivilege,0,default_data:147,actreviewassign,claims_supervisor
RolePrivilege,0,default_data:148,actview,claims_supervisor
RolePrivilege,0,default_data:149,actviewallqueues,claims_supervisor
RolePrivilege,0,default_data:150,anytagcreate,claims_supervisor
RolePrivilege,0,default_data:151,anytagdelete,claims_supervisor
RolePrivilege,0,default_data:152,anytagedit,claims_supervisor
RolePrivilege,0,default_data:153,anytagview,claims_supervisor
RolePrivilege,0,default_data:154,assocmanage,claims_supervisor
RolePrivilege,0,default_data:155,assocview,claims_supervisor
RolePrivilege,0,default_data:156,bulkinvcreate,claims_supervisor
RolePrivilege,0,default_data:157,bulkinvdelete,claims_supervisor
RolePrivilege,0,default_data:158,bulkinvedit,claims_supervisor
RolePrivilege,0,default_data:159,bulkinvview,claims_supervisor
RolePrivilege,0,default_data:160,checktransfer,claims_supervisor
RolePrivilege,0,default_data:161,claimclose,claims_supervisor
RolePrivilege,0,default_data:162,claimcreate,claims_supervisor
RolePrivilege,0,default_data:163,claimedit,claims_supervisor
RolePrivilege,0,default_data:164,claimeditclsd,claims_supervisor
RolePrivilege,0,default_data:165,claimintegadmin,claims_supervisor
RolePrivilege,0,default_data:166,claimown,claims_supervisor
RolePrivilege,0,default_data:167,claimprint,claims_supervisor
RolePrivilege,0,default_data:168,claimprtsmanage,claims_supervisor
RolePrivilege,0,default_data:169,claimprtsmanclsd,claims_supervisor
RolePrivilege,0,default_data:170,claimraown,claims_supervisor
RolePrivilege,0,default_data:171,claimraunown,claims_supervisor
RolePrivilege,0,default_data:172,claimremflag,claims_supervisor
RolePrivilege,0,default_data:173,claimreopen,claims_supervisor
RolePrivilege,0,default_data:174,claimselectplcy,claims_supervisor
RolePrivilege,0,default_data:175,claimslplcyclsd,claims_supervisor
RolePrivilege,0,default_data:176,claimusermanage,claims_supervisor
RolePrivilege,0,default_data:177,claimusermanclsd,claims_supervisor
RolePrivilege,0,default_data:178,claimvalidate,claims_supervisor
RolePrivilege,0,default_data:179,claimview,claims_supervisor
RolePrivilege,0,default_data:180,claimviewpay,claims_supervisor
RolePrivilege,0,default_data:181,claimviewrec,claims_supervisor
RolePrivilege,0,default_data:182,claimviewrecres,claims_supervisor
RolePrivilege,0,default_data:183,claimviewres,claims_supervisor
RolePrivilege,0,default_data:184,ctccreate,claims_supervisor
RolePrivilege,0,default_data:185,ctcedit,claims_supervisor
RolePrivilege,0,default_data:186,ctcview,claims_supervisor
RolePrivilege,0,default_data:187,delsensdoc,claims_supervisor
RolePrivilege,0,default_data:188,doccreate,claims_supervisor
RolePrivilege,0,default_data:189,doccreateclsd,claims_supervisor
RolePrivilege,0,default_data:190,docedit,claims_supervisor
RolePrivilege,0,default_data:191,docview,claims_supervisor
RolePrivilege,0,default_data:192,editmednote,claims_supervisor
RolePrivilege,0,default_data:193,editsensdoc,claims_supervisor
RolePrivilege,0,default_data:194,editSensMCMdetails,claims_supervisor
RolePrivilege,0,default_data:195,editSensSIUdetails,claims_supervisor
RolePrivilege,0,default_data:196,editsubrodetails,claims_supervisor
RolePrivilege,0,default_data:197,evalcreate,claims_supervisor
RolePrivilege,0,default_data:198,evaledit,claims_supervisor
RolePrivilege,0,default_data:199,evaleditclsd,claims_supervisor
RolePrivilege,0,default_data:200,evalview,claims_supervisor
RolePrivilege,0,default_data:201,expclose,claims_supervisor
RolePrivilege,0,default_data:202,expcreate,claims_supervisor
RolePrivilege,0,default_data:203,expedit,claims_supervisor
RolePrivilege,0,default_data:204,expeditclsd,claims_supervisor
RolePrivilege,0,default_data:205,expown,claims_supervisor
RolePrivilege,0,default_data:206,expraown,claims_supervisor
RolePrivilege,0,default_data:207,expraunown,claims_supervisor
RolePrivilege,0,default_data:208,expreopen,claims_supervisor
RolePrivilege,0,default_data:209,expvalidate,claims_supervisor
RolePrivilege,0,default_data:210,expview,claims_supervisor
RolePrivilege,0,default_data:211,lvprint,claims_supervisor
RolePrivilege,0,default_data:212,manpaycreate,claims_supervisor
RolePrivilege,0,default_data:213,manpaydelete,claims_supervisor
RolePrivilege,0,default_data:214,manpayedit,claims_supervisor
RolePrivilege,0,default_data:215,mttrclose,claims_supervisor
RolePrivilege,0,default_data:216,mttrcreate,claims_supervisor
RolePrivilege,0,default_data:217,mttredit,claims_supervisor
RolePrivilege,0,default_data:218,mttreditclsd,claims_supervisor
RolePrivilege,0,default_data:219,mttrown,claims_supervisor
RolePrivilege,0,default_data:220,mttrraown,claims_supervisor
RolePrivilege,0,default_data:221,mttrraunown,claims_supervisor
RolePrivilege,0,default_data:222,mttrreopen,claims_supervisor
RolePrivilege,0,default_data:223,mttrview,claims_supervisor
RolePrivilege,0,default_data:224,ngtncreate,claims_supervisor
RolePrivilege,0,default_data:225,ngtnedit,claims_supervisor
RolePrivilege,0,default_data:226,ngtneditclsd,claims_supervisor
RolePrivilege,0,default_data:227,ngtnview,claims_supervisor
RolePrivilege,0,default_data:228,notecreate,claims_supervisor
RolePrivilege,0,default_data:229,notecreateclsd,claims_supervisor
RolePrivilege,0,default_data:230,notedelete,claims_supervisor
RolePrivilege,0,default_data:231,noteedit,claims_supervisor
RolePrivilege,0,default_data:232,noteeditbody,claims_supervisor
RolePrivilege,0,default_data:233,noteview,claims_supervisor
RolePrivilege,0,default_data:234,noteviewconf,claims_supervisor
RolePrivilege,0,default_data:235,paycreate,claims_supervisor
RolePrivilege,0,default_data:236,paydelete,claims_supervisor
RolePrivilege,0,default_data:237,payedit,claims_supervisor
RolePrivilege,0,default_data:238,payrecode,claims_supervisor
RolePrivilege,0,default_data:239,paystop,claims_supervisor
RolePrivilege,0,default_data:240,payvoid,claims_supervisor
RolePrivilege,0,default_data:241,plcyedit,claims_supervisor
RolePrivilege,0,default_data:242,plcymakeeditable,claims_supervisor
RolePrivilege,0,default_data:243,plcyview,claims_supervisor
RolePrivilege,0,default_data:244,reccreate,claims_supervisor
RolePrivilege,0,default_data:245,recdelete,claims_supervisor
RolePrivilege,0,default_data:246,recedit,claims_supervisor
RolePrivilege,0,default_data:247,recrescreate,claims_supervisor
RolePrivilege,0,default_data:248,recresdelete,claims_supervisor
RolePrivilege,0,default_data:249,recresedit,claims_supervisor
RolePrivilege,0,default_data:250,recvoid,claims_supervisor
RolePrivilege,0,default_data:251,report_user,claims_supervisor
RolePrivilege,0,default_data:252,reporting_view,claims_supervisor
RolePrivilege,0,default_data:253,rescreate,claims_supervisor
RolePrivilege,0,default_data:254,resdelete,claims_supervisor
RolePrivilege,0,default_data:255,resedit,claims_supervisor
RolePrivilege,0,default_data:256,reviewcreate,claims_supervisor
RolePrivilege,0,default_data:257,reviewdeletecompleted,claims_supervisor
RolePrivilege,0,default_data:258,reviewdeleteincomplete,claims_supervisor
RolePrivilege,0,default_data:259,reviewedit,claims_supervisor
RolePrivilege,0,default_data:260,reviewviewdetail,claims_supervisor
RolePrivilege,0,default_data:261,reviewviewlist,claims_supervisor
RolePrivilege,0,default_data:262,sendemail,claims_supervisor
RolePrivilege,0,default_data:263,StorageUpdate,claims_supervisor
RolePrivilege,0,default_data:264,usereditlang,claims_supervisor
RolePrivilege,0,default_data:265,userviewall,claims_supervisor
RolePrivilege,0,default_data:266,viewactcal,claims_supervisor
RolePrivilege,0,default_data:267,viewassociations,claims_supervisor
RolePrivilege,0,default_data:268,viewclaimbasics,claims_supervisor
RolePrivilege,0,default_data:269,viewclaimevals,claims_supervisor
RolePrivilege,0,default_data:270,viewclaimhistory,claims_supervisor
RolePrivilege,0,default_data:271,viewclaimngtns,claims_supervisor
RolePrivilege,0,default_data:272,viewclaimnotes,claims_supervisor
RolePrivilege,0,default_data:273,viewclaimparties,claims_supervisor
RolePrivilege,0,default_data:274,viewclaimsummary,claims_supervisor
RolePrivilege,0,default_data:275,viewclaimsync,claims_supervisor
RolePrivilege,0,default_data:276,viewdesktop,claims_supervisor
RolePrivilege,0,default_data:277,viewdocs,claims_supervisor
RolePrivilege,0,default_data:278,viewexposures,claims_supervisor
RolePrivilege,0,default_data:279,viewfinsum,claims_supervisor
RolePrivilege,0,default_data:280,viewmatters,claims_supervisor
RolePrivilege,0,default_data:281,viewmednote,claims_supervisor
RolePrivilege,0,default_data:282,viewpolicy,claims_supervisor
RolePrivilege,0,default_data:283,viewsearch,claims_supervisor
RolePrivilege,0,default_data:284,viewsensdoc,claims_supervisor
RolePrivilege,0,default_data:285,viewSensMCMdetails,claims_supervisor
RolePrivilege,0,default_data:286,viewSensSIUdetails,claims_supervisor
RolePrivilege,0,default_data:287,viewsnapshot,claims_supervisor
RolePrivilege,0,default_data:288,viewsubrodetails,claims_supervisor
RolePrivilege,0,default_data:289,viewsupcalendar,claims_supervisor
RolePrivilege,0,default_data:290,viewteam,claims_supervisor
RolePrivilege,0,default_data:291,viewvacation,claims_supervisor
RolePrivilege,0,default_data:292,viewworkload,claims_supervisor
RolePrivilege,0,default_data:293,viewworkplan,claims_supervisor
RolePrivilege,0,default_data:294,abview,clerical
RolePrivilege,0,default_data:295,abviewsearch,clerical
RolePrivilege,0,default_data:296,actcreate,clerical
RolePrivilege,0,default_data:297,actown,clerical
RolePrivilege,0,default_data:298,actqueuenext,clerical
RolePrivilege,0,default_data:299,actraown,clerical
RolePrivilege,0,default_data:300,actraunown,clerical
RolePrivilege,0,default_data:301,actreviewassign,clerical
RolePrivilege,0,default_data:302,actview,clerical
RolePrivilege,0,default_data:303,anytagview,clerical
RolePrivilege,0,default_data:304,assocmanage,clerical
RolePrivilege,0,default_data:305,assocview,clerical
RolePrivilege,0,default_data:306,bulkinvcreate,clerical
RolePrivilege,0,default_data:307,bulkinvdelete,clerical
RolePrivilege,0,default_data:308,bulkinvedit,clerical
RolePrivilege,0,default_data:309,bulkinvview,clerical
RolePrivilege,0,default_data:310,checktransfer,clerical
RolePrivilege,0,default_data:311,claimclose,clerical
RolePrivilege,0,default_data:312,claimcreate,clerical
RolePrivilege,0,default_data:313,claimedit,clerical
RolePrivilege,0,default_data:314,claimintegadmin,clerical
RolePrivilege,0,default_data:315,claimprint,clerical
RolePrivilege,0,default_data:316,claimprtsmanage,clerical
RolePrivilege,0,default_data:317,claimraown,clerical
RolePrivilege,0,default_data:318,claimraunown,clerical
RolePrivilege,0,default_data:319,claimreopen,clerical
RolePrivilege,0,default_data:320,claimselectplcy,clerical
RolePrivilege,0,default_data:321,claimusermanage,clerical
RolePrivilege,0,default_data:322,claimvalidate,clerical
RolePrivilege,0,default_data:323,claimview,clerical
RolePrivilege,0,default_data:324,claimviewpay,clerical
RolePrivilege,0,default_data:325,claimviewrec,clerical
RolePrivilege,0,default_data:326,claimviewrecres,clerical
RolePrivilege,0,default_data:327,claimviewres,clerical
RolePrivilege,0,default_data:328,ctccreate,clerical
RolePrivilege,0,default_data:329,ctcedit,clerical
RolePrivilege,0,default_data:330,ctcview,clerical
RolePrivilege,0,default_data:331,doccreate,clerical
RolePrivilege,0,default_data:332,docedit,clerical
RolePrivilege,0,default_data:333,docview,clerical
RolePrivilege,0,default_data:334,evalcreate,clerical
RolePrivilege,0,default_data:335,evaledit,clerical
RolePrivilege,0,default_data:336,evalview,clerical
RolePrivilege,0,default_data:337,expclose,clerical
RolePrivilege,0,default_data:338,expcreate,clerical
RolePrivilege,0,default_data:339,expedit,clerical
RolePrivilege,0,default_data:340,expraown,clerical
RolePrivilege,0,default_data:341,expraunown,clerical
RolePrivilege,0,default_data:342,expreopen,clerical
RolePrivilege,0,default_data:343,expvalidate,clerical
RolePrivilege,0,default_data:344,expview,clerical
RolePrivilege,0,default_data:345,manpaycreate,clerical
RolePrivilege,0,default_data:346,manpaydelete,clerical
RolePrivilege,0,default_data:347,manpayedit,clerical
RolePrivilege,0,default_data:348,mttrclose,clerical
RolePrivilege,0,default_data:349,mttrcreate,clerical
RolePrivilege,0,default_data:350,mttredit,clerical
RolePrivilege,0,default_data:351,mttrraown,clerical
RolePrivilege,0,default_data:352,mttrraunown,clerical
RolePrivilege,0,default_data:353,mttrreopen,clerical
RolePrivilege,0,default_data:354,mttrview,clerical
RolePrivilege,0,default_data:355,ngtncreate,clerical
RolePrivilege,0,default_data:356,ngtnedit,clerical
RolePrivilege,0,default_data:357,ngtnview,clerical
RolePrivilege,0,default_data:358,notecreate,clerical
RolePrivilege,0,default_data:359,noteedit,clerical
RolePrivilege,0,default_data:360,noteview,clerical
RolePrivilege,0,default_data:361,paycreate,clerical
RolePrivilege,0,default_data:362,paydelete,clerical
RolePrivilege,0,default_data:363,payedit,clerical
RolePrivilege,0,default_data:364,payrecode,clerical
RolePrivilege,0,default_data:365,paystop,clerical
RolePrivilege,0,default_data:366,payvoid,clerical
RolePrivilege,0,default_data:367,plcyedit,clerical
RolePrivilege,0,default_data:368,plcymakeeditable,clerical
RolePrivilege,0,default_data:369,plcyview,clerical
RolePrivilege,0,default_data:370,reccreate,clerical
RolePrivilege,0,default_data:371,recdelete,clerical
RolePrivilege,0,default_data:372,recedit,clerical
RolePrivilege,0,default_data:373,recrescreate,clerical
RolePrivilege,0,default_data:374,recresdelete,clerical
RolePrivilege,0,default_data:375,recresedit,clerical
RolePrivilege,0,default_data:376,recvoid,clerical
RolePrivilege,0,default_data:377,rescreate,clerical
RolePrivilege,0,default_data:378,resdelete,clerical
RolePrivilege,0,default_data:379,resedit,clerical
RolePrivilege,0,default_data:380,sendemail,clerical
RolePrivilege,0,default_data:381,usereditlang,clerical
RolePrivilege,0,default_data:383,viewassociations,clerical
RolePrivilege,0,default_data:384,viewclaimbasics,clerical
RolePrivilege,0,default_data:385,viewclaimevals,clerical
RolePrivilege,0,default_data:386,viewclaimngtns,clerical
RolePrivilege,0,default_data:387,viewclaimnotes,clerical
RolePrivilege,0,default_data:388,viewclaimparties,clerical
RolePrivilege,0,default_data:389,viewclaimsummary,clerical
RolePrivilege,0,default_data:390,viewclaimsync,clerical
RolePrivilege,0,default_data:391,viewdesktop,clerical
RolePrivilege,0,default_data:392,viewdocs,clerical
RolePrivilege,0,default_data:393,viewexposures,clerical
RolePrivilege,0,default_data:394,viewfinsum,clerical
RolePrivilege,0,default_data:395,viewmatters,clerical
RolePrivilege,0,default_data:396,viewpolicy,clerical
RolePrivilege,0,default_data:397,viewsearch,clerical
RolePrivilege,0,default_data:398,viewsnapshot,clerical
RolePrivilege,0,default_data:399,viewsubrodetails,clerical
RolePrivilege,0,default_data:400,viewvacation,clerical
RolePrivilege,0,default_data:401,viewworkplan,clerical
RolePrivilege,0,default_data:402,abview,customer_service_rep
RolePrivilege,0,default_data:403,abviewsearch,customer_service_rep
RolePrivilege,0,default_data:404,actcreate,customer_service_rep
RolePrivilege,0,default_data:405,actraown,customer_service_rep
RolePrivilege,0,default_data:406,actraunown,customer_service_rep
RolePrivilege,0,default_data:407,actview,customer_service_rep
RolePrivilege,0,default_data:408,anytagview,customer_service_rep
RolePrivilege,0,default_data:409,assocview,customer_service_rep
RolePrivilege,0,default_data:410,bulkinvcreate,customer_service_rep
RolePrivilege,0,default_data:411,bulkinvdelete,customer_service_rep
RolePrivilege,0,default_data:412,bulkinvedit,customer_service_rep
RolePrivilege,0,default_data:413,bulkinvview,customer_service_rep
RolePrivilege,0,default_data:414,claimcreate,customer_service_rep
RolePrivilege,0,default_data:415,claimraown,customer_service_rep
RolePrivilege,0,default_data:416,claimraunown,customer_service_rep
RolePrivilege,0,default_data:417,claimview,customer_service_rep
RolePrivilege,0,default_data:418,claimviewpay,customer_service_rep
RolePrivilege,0,default_data:419,claimviewrec,customer_service_rep
RolePrivilege,0,default_data:420,claimviewrecres,customer_service_rep
RolePrivilege,0,default_data:421,claimviewres,customer_service_rep
RolePrivilege,0,default_data:422,ctccreate,customer_service_rep
RolePrivilege,0,default_data:423,ctcedit,customer_service_rep
RolePrivilege,0,default_data:424,ctcview,customer_service_rep
RolePrivilege,0,default_data:425,doccreate,customer_service_rep
RolePrivilege,0,default_data:426,docedit,customer_service_rep
RolePrivilege,0,default_data:427,docview,customer_service_rep
RolePrivilege,0,default_data:428,evalview,customer_service_rep
RolePrivilege,0,default_data:429,expcreate,customer_service_rep
RolePrivilege,0,default_data:430,expraown,customer_service_rep
RolePrivilege,0,default_data:431,expraunown,customer_service_rep
RolePrivilege,0,default_data:432,expvalidate,customer_service_rep
RolePrivilege,0,default_data:433,expview,customer_service_rep
RolePrivilege,0,default_data:434,mttrraown,customer_service_rep
RolePrivilege,0,default_data:435,mttrraunown,customer_service_rep
RolePrivilege,0,default_data:436,mttrview,customer_service_rep
RolePrivilege,0,default_data:437,ngtnview,customer_service_rep
RolePrivilege,0,default_data:438,notecreate,customer_service_rep
RolePrivilege,0,default_data:439,noteedit,customer_service_rep
RolePrivilege,0,default_data:440,noteview,customer_service_rep
RolePrivilege,0,default_data:441,sendemail,customer_service_rep
RolePrivilege,0,default_data:442,usereditlang,customer_service_rep
RolePrivilege,0,default_data:443,viewassociations,customer_service_rep
RolePrivilege,0,default_data:444,viewclaimbasics,customer_service_rep
RolePrivilege,0,default_data:445,viewclaimevals,customer_service_rep
RolePrivilege,0,default_data:446,viewclaimngtns,customer_service_rep
RolePrivilege,0,default_data:447,viewclaimnotes,customer_service_rep
RolePrivilege,0,default_data:448,viewclaimparties,customer_service_rep
RolePrivilege,0,default_data:449,viewclaimsummary,customer_service_rep
RolePrivilege,0,default_data:450,viewexposures,customer_service_rep
RolePrivilege,0,default_data:451,viewfinsum,customer_service_rep
RolePrivilege,0,default_data:452,viewmatters,customer_service_rep
RolePrivilege,0,default_data:453,viewsearch,customer_service_rep
RolePrivilege,0,default_data:454,viewsnapshot,customer_service_rep
RolePrivilege,0,default_data:455,abview,integration_admin
RolePrivilege,0,default_data:456,abviewsearch,integration_admin
RolePrivilege,0,default_data:457,actview,integration_admin
RolePrivilege,0,default_data:458,anytagview,integration_admin
RolePrivilege,0,default_data:459,assocview,integration_admin
RolePrivilege,0,default_data:460,claimview,integration_admin
RolePrivilege,0,default_data:461,claimviewpay,integration_admin
RolePrivilege,0,default_data:462,claimviewrec,integration_admin
RolePrivilege,0,default_data:463,claimviewrecres,integration_admin
RolePrivilege,0,default_data:464,claimviewres,integration_admin
RolePrivilege,0,default_data:465,ctcview,integration_admin
RolePrivilege,0,default_data:466,docedit,integration_admin
RolePrivilege,0,default_data:467,docview,integration_admin
RolePrivilege,0,default_data:468,evalview,integration_admin
RolePrivilege,0,default_data:469,eventmessageview,integration_admin
RolePrivilege,0,default_data:470,expedit,integration_admin
RolePrivilege,0,default_data:471,expeditclsd,integration_admin
RolePrivilege,0,default_data:472,expvalidate,integration_admin
RolePrivilege,0,default_data:473,expview,integration_admin
RolePrivilege,0,default_data:474,integadmin,integration_admin
RolePrivilege,0,default_data:475,lvprint,integration_admin
RolePrivilege,0,default_data:476,mttrview,integration_admin
RolePrivilege,0,default_data:477,ngtnview,integration_admin
RolePrivilege,0,default_data:478,notedelete,integration_admin
RolePrivilege,0,default_data:479,noteeditbody,integration_admin
RolePrivilege,0,default_data:480,noteview,integration_admin
RolePrivilege,0,default_data:481,plcyview,integration_admin
RolePrivilege,0,default_data:482,resyncmessage,integration_admin
RolePrivilege,0,default_data:483,retrymessage,integration_admin
RolePrivilege,0,default_data:484,skipmessage,integration_admin
RolePrivilege,0,default_data:485,usereditlang,integration_admin
RolePrivilege,0,default_data:486,viewassociations,integration_admin
RolePrivilege,0,default_data:487,viewclaimbasics,integration_admin
RolePrivilege,0,default_data:488,viewclaimevals,integration_admin
RolePrivilege,0,default_data:489,viewclaimhistory,integration_admin
RolePrivilege,0,default_data:490,viewclaimngtns,integration_admin
RolePrivilege,0,default_data:491,viewclaimnotes,integration_admin
RolePrivilege,0,default_data:492,viewclaimparties,integration_admin
RolePrivilege,0,default_data:493,viewclaimsummary,integration_admin
RolePrivilege,0,default_data:494,viewdocs,integration_admin
RolePrivilege,0,default_data:495,viewexposures,integration_admin
RolePrivilege,0,default_data:496,viewfinsum,integration_admin
RolePrivilege,0,default_data:497,viewmatters,integration_admin
RolePrivilege,0,default_data:498,viewpolicy,integration_admin
RolePrivilege,0,default_data:499,viewsearch,integration_admin
RolePrivilege,0,default_data:500,viewsnapshot,integration_admin
RolePrivilege,0,default_data:501,viewworkplan,integration_admin
RolePrivilege,0,default_data:502,abcreate,manager
RolePrivilege,0,default_data:503,abdelete,manager
RolePrivilege,0,default_data:504,abedit,manager
RolePrivilege,0,default_data:505,abview,manager
RolePrivilege,0,default_data:506,abviewsearch,manager
RolePrivilege,0,default_data:507,actapproveany,manager
RolePrivilege,0,default_data:508,actcreate,manager
RolePrivilege,0,default_data:509,actcreateclsd,manager
RolePrivilege,0,default_data:510,acteditunowned,manager
RolePrivilege,0,default_data:511,actmakemand,manager
RolePrivilege,0,default_data:512,actown,manager
RolePrivilege,0,default_data:513,actqueuenext,manager
RolePrivilege,0,default_data:514,actqueuepick,manager
RolePrivilege,0,default_data:515,actraown,manager
RolePrivilege,0,default_data:516,actraunown,manager
RolePrivilege,0,default_data:517,actreviewassign,manager
RolePrivilege,0,default_data:518,actview,manager
RolePrivilege,0,default_data:519,actviewallqueues,manager
RolePrivilege,0,default_data:520,anytagcreate,manager
RolePrivilege,0,default_data:521,anytagdelete,manager
RolePrivilege,0,default_data:522,anytagedit,manager
RolePrivilege,0,default_data:523,anytagview,manager
RolePrivilege,0,default_data:524,assocmanage,manager
RolePrivilege,0,default_data:525,assocview,manager
RolePrivilege,0,default_data:526,bulkinvcreate,manager
RolePrivilege,0,default_data:527,bulkinvdelete,manager
RolePrivilege,0,default_data:528,bulkinvedit,manager
RolePrivilege,0,default_data:529,bulkinvview,manager
RolePrivilege,0,default_data:530,checktransfer,manager
RolePrivilege,0,default_data:531,claimclose,manager
RolePrivilege,0,default_data:532,claimcreate,manager
RolePrivilege,0,default_data:533,claimedit,manager
RolePrivilege,0,default_data:534,claimeditclsd,manager
RolePrivilege,0,default_data:535,claimintegadmin,manager
RolePrivilege,0,default_data:536,claimown,manager
RolePrivilege,0,default_data:537,claimprint,manager
RolePrivilege,0,default_data:538,claimprtsmanage,manager
RolePrivilege,0,default_data:539,claimprtsmanclsd,manager
RolePrivilege,0,default_data:540,claimraown,manager
RolePrivilege,0,default_data:541,claimraunown,manager
RolePrivilege,0,default_data:542,claimremflag,manager
RolePrivilege,0,default_data:543,claimreopen,manager
RolePrivilege,0,default_data:544,claimselectplcy,manager
RolePrivilege,0,default_data:545,claimslplcyclsd,manager
RolePrivilege,0,default_data:546,claimusermanage,manager
RolePrivilege,0,default_data:547,claimusermanclsd,manager
RolePrivilege,0,default_data:548,claimvalidate,manager
RolePrivilege,0,default_data:549,claimview,manager
RolePrivilege,0,default_data:550,claimviewpay,manager
RolePrivilege,0,default_data:551,claimviewrec,manager
RolePrivilege,0,default_data:552,claimviewrecres,manager
RolePrivilege,0,default_data:553,claimviewres,manager
RolePrivilege,0,default_data:554,ctccreate,manager
RolePrivilege,0,default_data:555,ctcedit,manager
RolePrivilege,0,default_data:556,ctcview,manager
RolePrivilege,0,default_data:557,delsensdoc,manager
RolePrivilege,0,default_data:558,doccreate,manager
RolePrivilege,0,default_data:559,doccreateclsd,manager
RolePrivilege,0,default_data:560,docedit,manager
RolePrivilege,0,default_data:561,docview,manager
RolePrivilege,0,default_data:562,edbclaimact,manager
RolePrivilege,0,default_data:563,edbclaimcounts,manager
RolePrivilege,0,default_data:564,edbcurrfin,manager
RolePrivilege,0,default_data:565,edbpdfin,manager
RolePrivilege,0,default_data:566,editmednote,manager
RolePrivilege,0,default_data:567,editsensdoc,manager
RolePrivilege,0,default_data:568,editSensMCMdetails,manager
RolePrivilege,0,default_data:569,editSensSIUdetails,manager
RolePrivilege,0,default_data:570,editsubrodetails,manager
RolePrivilege,0,default_data:571,evalcreate,manager
RolePrivilege,0,default_data:572,evaledit,manager
RolePrivilege,0,default_data:573,evaleditclsd,manager
RolePrivilege,0,default_data:574,evalview,manager
RolePrivilege,0,default_data:575,expclose,manager
RolePrivilege,0,default_data:576,expcreate,manager
RolePrivilege,0,default_data:577,expedit,manager
RolePrivilege,0,default_data:578,expeditclsd,manager
RolePrivilege,0,default_data:579,expown,manager
RolePrivilege,0,default_data:580,expraown,manager
RolePrivilege,0,default_data:581,expraunown,manager
RolePrivilege,0,default_data:582,expreopen,manager
RolePrivilege,0,default_data:583,expvalidate,manager
RolePrivilege,0,default_data:584,expview,manager
RolePrivilege,0,default_data:585,lvprint,manager
RolePrivilege,0,default_data:586,manpaycreate,manager
RolePrivilege,0,default_data:587,manpaydelete,manager
RolePrivilege,0,default_data:588,manpayedit,manager
RolePrivilege,0,default_data:589,mttrclose,manager
RolePrivilege,0,default_data:590,mttrcreate,manager
RolePrivilege,0,default_data:591,mttredit,manager
RolePrivilege,0,default_data:592,mttreditclsd,manager
RolePrivilege,0,default_data:593,mttrown,manager
RolePrivilege,0,default_data:594,mttrraown,manager
RolePrivilege,0,default_data:595,mttrraunown,manager
RolePrivilege,0,default_data:596,mttrreopen,manager
RolePrivilege,0,default_data:597,mttrview,manager
RolePrivilege,0,default_data:598,ngtncreate,manager
RolePrivilege,0,default_data:599,ngtnedit,manager
RolePrivilege,0,default_data:600,ngtneditclsd,manager
RolePrivilege,0,default_data:601,ngtnview,manager
RolePrivilege,0,default_data:602,notecreate,manager
RolePrivilege,0,default_data:603,notecreateclsd,manager
RolePrivilege,0,default_data:604,notedelete,manager
RolePrivilege,0,default_data:605,noteedit,manager
RolePrivilege,0,default_data:606,noteeditbody,manager
RolePrivilege,0,default_data:607,noteview,manager
RolePrivilege,0,default_data:608,noteviewconf,manager
RolePrivilege,0,default_data:609,paycreate,manager
RolePrivilege,0,default_data:610,paydelete,manager
RolePrivilege,0,default_data:611,payedit,manager
RolePrivilege,0,default_data:612,payrecode,manager
RolePrivilege,0,default_data:613,paystop,manager
RolePrivilege,0,default_data:614,payvoid,manager
RolePrivilege,0,default_data:615,plcyedit,manager
RolePrivilege,0,default_data:616,plcymakeeditable,manager
RolePrivilege,0,default_data:617,plcyview,manager
RolePrivilege,0,default_data:618,reccreate,manager
RolePrivilege,0,default_data:619,recdelete,manager
RolePrivilege,0,default_data:620,recedit,manager
RolePrivilege,0,default_data:621,recrescreate,manager
RolePrivilege,0,default_data:622,recresdelete,manager
RolePrivilege,0,default_data:623,recresedit,manager
RolePrivilege,0,default_data:624,recvoid,manager
RolePrivilege,0,default_data:625,report_manager,manager
RolePrivilege,0,default_data:626,reporting_view,manager
RolePrivilege,0,default_data:627,rescreate,manager
RolePrivilege,0,default_data:628,resdelete,manager
RolePrivilege,0,default_data:629,resedit,manager
RolePrivilege,0,default_data:630,reviewcreate,manager
RolePrivilege,0,default_data:631,reviewdeletecompleted,manager
RolePrivilege,0,default_data:632,reviewdeleteincomplete,manager
RolePrivilege,0,default_data:633,reviewedit,manager
RolePrivilege,0,default_data:634,reviewviewdetail,manager
RolePrivilege,0,default_data:635,reviewviewlist,manager
RolePrivilege,0,default_data:636,sendemail,manager
RolePrivilege,0,default_data:637,StorageUpdate,manager
RolePrivilege,0,default_data:638,usereditlang,manager
RolePrivilege,0,default_data:639,userviewall,manager
RolePrivilege,0,default_data:641,viewactcal,manager
RolePrivilege,0,default_data:642,viewassociations,manager
RolePrivilege,0,default_data:643,viewclaimbasics,manager
RolePrivilege,0,default_data:644,viewclaimevals,manager
RolePrivilege,0,default_data:645,viewclaimhistory,manager
RolePrivilege,0,default_data:646,viewclaimngtns,manager
RolePrivilege,0,default_data:647,viewclaimnotes,manager
RolePrivilege,0,default_data:648,viewclaimparties,manager
RolePrivilege,0,default_data:649,viewclaimsummary,manager
RolePrivilege,0,default_data:650,viewclaimsync,manager
RolePrivilege,0,default_data:651,viewdesktop,manager
RolePrivilege,0,default_data:652,viewdocs,manager
RolePrivilege,0,default_data:653,viewexposures,manager
RolePrivilege,0,default_data:654,viewfinsum,manager
RolePrivilege,0,default_data:655,viewmatters,manager
RolePrivilege,0,default_data:656,viewmednote,manager
RolePrivilege,0,default_data:657,viewpolicy,manager
RolePrivilege,0,default_data:658,viewsearch,manager
RolePrivilege,0,default_data:659,viewSensMCMdetails,manager
RolePrivilege,0,default_data:660,viewSensSIUdetails,manager
RolePrivilege,0,default_data:661,viewsnapshot,manager
RolePrivilege,0,default_data:662,viewsubrodetails,manager
RolePrivilege,0,default_data:663,viewteam,manager
RolePrivilege,0,default_data:664,viewvacation,manager
RolePrivilege,0,default_data:665,viewworkload,manager
RolePrivilege,0,default_data:666,viewworkplan,manager
RolePrivilege,0,default_data:667,abcreate,newloss_supervisor
RolePrivilege,0,default_data:668,abdelete,newloss_supervisor
RolePrivilege,0,default_data:669,abedit,newloss_supervisor
RolePrivilege,0,default_data:670,abview,newloss_supervisor
RolePrivilege,0,default_data:671,abviewsearch,newloss_supervisor
RolePrivilege,0,default_data:672,actcreate,newloss_supervisor
RolePrivilege,0,default_data:673,acteditunowned,newloss_supervisor
RolePrivilege,0,default_data:674,actmakemand,newloss_supervisor
RolePrivilege,0,default_data:675,actown,newloss_supervisor
RolePrivilege,0,default_data:676,actqueuenext,newloss_supervisor
RolePrivilege,0,default_data:677,actqueuepick,newloss_supervisor
RolePrivilege,0,default_data:678,actraown,newloss_supervisor
RolePrivilege,0,default_data:679,actraunown,newloss_supervisor
RolePrivilege,0,default_data:680,actreviewassign,newloss_supervisor
RolePrivilege,0,default_data:681,actview,newloss_supervisor
RolePrivilege,0,default_data:682,actviewallqueues,newloss_supervisor
RolePrivilege,0,default_data:683,anytagcreate,newloss_supervisor
RolePrivilege,0,default_data:684,anytagdelete,newloss_supervisor
RolePrivilege,0,default_data:685,anytagedit,newloss_supervisor
RolePrivilege,0,default_data:686,anytagview,newloss_supervisor
RolePrivilege,0,default_data:687,assocmanage,newloss_supervisor
RolePrivilege,0,default_data:688,assocview,newloss_supervisor
RolePrivilege,0,default_data:689,bulkinvcreate,newloss_supervisor
RolePrivilege,0,default_data:690,bulkinvdelete,newloss_supervisor
RolePrivilege,0,default_data:691,bulkinvedit,newloss_supervisor
RolePrivilege,0,default_data:692,bulkinvview,newloss_supervisor
RolePrivilege,0,default_data:693,checktransfer,newloss_supervisor
RolePrivilege,0,default_data:694,claimclose,newloss_supervisor
RolePrivilege,0,default_data:695,claimcreate,newloss_supervisor
RolePrivilege,0,default_data:696,claimedit,newloss_supervisor
RolePrivilege,0,default_data:697,claimeditclsd,newloss_supervisor
RolePrivilege,0,default_data:698,claimintegadmin,newloss_supervisor
RolePrivilege,0,default_data:699,claimown,newloss_supervisor
RolePrivilege,0,default_data:700,claimprint,newloss_supervisor
RolePrivilege,0,default_data:701,claimprtsmanage,newloss_supervisor
RolePrivilege,0,default_data:702,claimprtsmanclsd,newloss_supervisor
RolePrivilege,0,default_data:703,claimraown,newloss_supervisor
RolePrivilege,0,default_data:704,claimraunown,newloss_supervisor
RolePrivilege,0,default_data:705,claimremflag,newloss_supervisor
RolePrivilege,0,default_data:706,claimreopen,newloss_supervisor
RolePrivilege,0,default_data:707,claimselectplcy,newloss_supervisor
RolePrivilege,0,default_data:708,claimslplcyclsd,newloss_supervisor
RolePrivilege,0,default_data:709,claimusermanage,newloss_supervisor
RolePrivilege,0,default_data:710,claimusermanclsd,newloss_supervisor
RolePrivilege,0,default_data:711,claimvalidate,newloss_supervisor
RolePrivilege,0,default_data:712,claimview,newloss_supervisor
RolePrivilege,0,default_data:713,claimviewpay,newloss_supervisor
RolePrivilege,0,default_data:714,claimviewrec,newloss_supervisor
RolePrivilege,0,default_data:715,claimviewrecres,newloss_supervisor
RolePrivilege,0,default_data:716,claimviewres,newloss_supervisor
RolePrivilege,0,default_data:717,ctccreate,newloss_supervisor
RolePrivilege,0,default_data:718,ctcedit,newloss_supervisor
RolePrivilege,0,default_data:719,ctcview,newloss_supervisor
RolePrivilege,0,default_data:720,delsensdoc,newloss_supervisor
RolePrivilege,0,default_data:721,doccreate,newloss_supervisor
RolePrivilege,0,default_data:722,doccreateclsd,newloss_supervisor
RolePrivilege,0,default_data:723,docedit,newloss_supervisor
RolePrivilege,0,default_data:724,docview,newloss_supervisor
RolePrivilege,0,default_data:725,editsensdoc,newloss_supervisor
RolePrivilege,0,default_data:726,editSensMCMdetails,newloss_supervisor
RolePrivilege,0,default_data:727,editSensSIUdetails,newloss_supervisor
RolePrivilege,0,default_data:728,editsubrodetails,newloss_supervisor
RolePrivilege,0,default_data:729,evalcreate,newloss_supervisor
RolePrivilege,0,default_data:730,evaledit,newloss_supervisor
RolePrivilege,0,default_data:731,evaleditclsd,newloss_supervisor
RolePrivilege,0,default_data:732,evalview,newloss_supervisor
RolePrivilege,0,default_data:733,expclose,newloss_supervisor
RolePrivilege,0,default_data:734,expcreate,newloss_supervisor
RolePrivilege,0,default_data:735,expedit,newloss_supervisor
RolePrivilege,0,default_data:736,expeditclsd,newloss_supervisor
RolePrivilege,0,default_data:737,expown,newloss_supervisor
RolePrivilege,0,default_data:738,expraown,newloss_supervisor
RolePrivilege,0,default_data:739,expraunown,newloss_supervisor
RolePrivilege,0,default_data:740,expreopen,newloss_supervisor
RolePrivilege,0,default_data:741,expvalidate,newloss_supervisor
RolePrivilege,0,default_data:742,expview,newloss_supervisor
RolePrivilege,0,default_data:743,lvprint,newloss_supervisor
RolePrivilege,0,default_data:744,manpaycreate,newloss_supervisor
RolePrivilege,0,default_data:745,manpaydelete,newloss_supervisor
RolePrivilege,0,default_data:746,manpayedit,newloss_supervisor
RolePrivilege,0,default_data:747,mttrclose,newloss_supervisor
RolePrivilege,0,default_data:748,mttrcreate,newloss_supervisor
RolePrivilege,0,default_data:749,mttredit,newloss_supervisor
RolePrivilege,0,default_data:750,mttreditclsd,newloss_supervisor
RolePrivilege,0,default_data:751,mttrown,newloss_supervisor
RolePrivilege,0,default_data:752,mttrraown,newloss_supervisor
RolePrivilege,0,default_data:753,mttrraunown,newloss_supervisor
RolePrivilege,0,default_data:754,mttrreopen,newloss_supervisor
RolePrivilege,0,default_data:755,mttrview,newloss_supervisor
RolePrivilege,0,default_data:756,ngtncreate,newloss_supervisor
RolePrivilege,0,default_data:757,ngtnedit,newloss_supervisor
RolePrivilege,0,default_data:758,ngtneditclsd,newloss_supervisor
RolePrivilege,0,default_data:759,ngtnview,newloss_supervisor
RolePrivilege,0,default_data:760,notecreate,newloss_supervisor
RolePrivilege,0,default_data:761,notecreateclsd,newloss_supervisor
RolePrivilege,0,default_data:762,notedelete,newloss_supervisor
RolePrivilege,0,default_data:763,noteedit,newloss_supervisor
RolePrivilege,0,default_data:764,noteeditbody,newloss_supervisor
RolePrivilege,0,default_data:765,noteview,newloss_supervisor
RolePrivilege,0,default_data:766,noteviewconf,newloss_supervisor
RolePrivilege,0,default_data:767,paycreate,newloss_supervisor
RolePrivilege,0,default_data:768,paydelete,newloss_supervisor
RolePrivilege,0,default_data:769,payedit,newloss_supervisor
RolePrivilege,0,default_data:770,payrecode,newloss_supervisor
RolePrivilege,0,default_data:771,paystop,newloss_supervisor
RolePrivilege,0,default_data:772,payvoid,newloss_supervisor
RolePrivilege,0,default_data:773,plcyedit,newloss_supervisor
RolePrivilege,0,default_data:774,plcymakeeditable,newloss_supervisor
RolePrivilege,0,default_data:775,plcyview,newloss_supervisor
RolePrivilege,0,default_data:776,reccreate,newloss_supervisor
RolePrivilege,0,default_data:777,recdelete,newloss_supervisor
RolePrivilege,0,default_data:778,recedit,newloss_supervisor
RolePrivilege,0,default_data:779,recrescreate,newloss_supervisor
RolePrivilege,0,default_data:780,recresdelete,newloss_supervisor
RolePrivilege,0,default_data:781,recresedit,newloss_supervisor
RolePrivilege,0,default_data:782,recvoid,newloss_supervisor
RolePrivilege,0,default_data:783,rescreate,newloss_supervisor
RolePrivilege,0,default_data:784,resdelete,newloss_supervisor
RolePrivilege,0,default_data:785,resedit,newloss_supervisor
RolePrivilege,0,default_data:786,sendemail,newloss_supervisor
RolePrivilege,0,default_data:787,StorageUpdate,newloss_supervisor
RolePrivilege,0,default_data:788,usereditlang,newloss_supervisor
RolePrivilege,0,default_data:789,userviewall,newloss_supervisor
RolePrivilege,0,default_data:791,viewassociations,newloss_supervisor
RolePrivilege,0,default_data:792,viewclaimbasics,newloss_supervisor
RolePrivilege,0,default_data:793,viewclaimevals,newloss_supervisor
RolePrivilege,0,default_data:794,viewclaimhistory,newloss_supervisor
RolePrivilege,0,default_data:795,viewclaimngtns,newloss_supervisor
RolePrivilege,0,default_data:796,viewclaimnotes,newloss_supervisor
RolePrivilege,0,default_data:797,viewclaimparties,newloss_supervisor
RolePrivilege,0,default_data:798,viewclaimsummary,newloss_supervisor
RolePrivilege,0,default_data:799,viewclaimsync,newloss_supervisor
RolePrivilege,0,default_data:800,viewdesktop,newloss_supervisor
RolePrivilege,0,default_data:801,viewdocs,newloss_supervisor
RolePrivilege,0,default_data:802,viewexposures,newloss_supervisor
RolePrivilege,0,default_data:803,viewfinsum,newloss_supervisor
RolePrivilege,0,default_data:804,viewmatters,newloss_supervisor
RolePrivilege,0,default_data:805,viewpolicy,newloss_supervisor
RolePrivilege,0,default_data:806,viewsearch,newloss_supervisor
RolePrivilege,0,default_data:807,viewsensdoc,newloss_supervisor
RolePrivilege,0,default_data:808,viewSensMCMdetails,newloss_supervisor
RolePrivilege,0,default_data:809,viewSensSIUdetails,newloss_supervisor
RolePrivilege,0,default_data:810,viewsnapshot,newloss_supervisor
RolePrivilege,0,default_data:811,viewsubrodetails,newloss_supervisor
RolePrivilege,0,default_data:812,viewteam,newloss_supervisor
RolePrivilege,0,default_data:813,viewvacation,newloss_supervisor
RolePrivilege,0,default_data:814,viewworkplan,newloss_supervisor
RolePrivilege,0,default_data:815,abcreate,pref_vendor_admin
RolePrivilege,0,default_data:816,abcreatepref,pref_vendor_admin
RolePrivilege,0,default_data:817,abdelete,pref_vendor_admin
RolePrivilege,0,default_data:818,abdeletepref,pref_vendor_admin
RolePrivilege,0,default_data:819,abedit,pref_vendor_admin
RolePrivilege,0,default_data:820,abeditpref,pref_vendor_admin
RolePrivilege,0,default_data:821,abview,pref_vendor_admin
RolePrivilege,0,default_data:822,abviewsearch,pref_vendor_admin
RolePrivilege,0,default_data:823,anytagcreate,pref_vendor_admin
RolePrivilege,0,default_data:824,anytagdelete,pref_vendor_admin
RolePrivilege,0,default_data:825,anytagedit,pref_vendor_admin
RolePrivilege,0,default_data:826,anytagview,pref_vendor_admin
RolePrivilege,0,default_data:827,ctccreate,pref_vendor_admin
RolePrivilege,0,default_data:828,ctcedit,pref_vendor_admin
RolePrivilege,0,default_data:829,ctcview,pref_vendor_admin
RolePrivilege,0,default_data:830,reviewcreate,pref_vendor_admin
RolePrivilege,0,default_data:831,reviewdeletecompleted,pref_vendor_admin
RolePrivilege,0,default_data:832,reviewdeleteincomplete,pref_vendor_admin
RolePrivilege,0,default_data:833,reviewedit,pref_vendor_admin
RolePrivilege,0,default_data:834,reviewviewdetail,pref_vendor_admin
RolePrivilege,0,default_data:835,reviewviewlist,pref_vendor_admin
RolePrivilege,0,default_data:836,usereditlang,pref_vendor_admin
RolePrivilege,0,default_data:841,ruleadmin,rule_admin
RolePrivilege,0,default_data:842,soapadmin,rule_admin
RolePrivilege,0,default_data:843,usereditlang,rule_admin
RolePrivilege,0,default_data:844,ownsensclaim,sensitive_claims
RolePrivilege,0,default_data:845,ownsensclaimsub,sensitive_claims
RolePrivilege,0,default_data:846,usereditlang,sensitive_claims
RolePrivilege,0,default_data:847,abcreate,superuser
RolePrivilege,0,default_data:848,abcreatepref,superuser
RolePrivilege,0,default_data:849,abdelete,superuser
RolePrivilege,0,default_data:850,abdeletepref,superuser
RolePrivilege,0,default_data:851,abedit,superuser
RolePrivilege,0,default_data:852,abeditpref,superuser
RolePrivilege,0,default_data:853,abview,superuser
RolePrivilege,0,default_data:854,abviewsearch,superuser
RolePrivilege,0,default_data:855,actapproveany,superuser
RolePrivilege,0,default_data:856,actcreate,superuser
RolePrivilege,0,default_data:857,actcreateclsd,superuser
RolePrivilege,0,default_data:858,acteditunowned,superuser
RolePrivilege,0,default_data:859,actmakemand,superuser
RolePrivilege,0,default_data:860,actown,superuser
RolePrivilege,0,default_data:861,actpatcreate,superuser
RolePrivilege,0,default_data:862,actpatdelete,superuser
RolePrivilege,0,default_data:863,actpatedit,superuser
RolePrivilege,0,default_data:864,actpatview,superuser
RolePrivilege,0,default_data:865,actqueuenext,superuser
RolePrivilege,0,default_data:866,actqueuepick,superuser
RolePrivilege,0,default_data:867,actraown,superuser
RolePrivilege,0,default_data:868,actraunown,superuser
RolePrivilege,0,default_data:869,actreviewassign,superuser
RolePrivilege,0,default_data:870,actview,superuser
RolePrivilege,0,default_data:871,actviewallqueues,superuser
RolePrivilege,0,default_data:872,alpmanage,superuser
RolePrivilege,0,default_data:873,alpview,superuser
RolePrivilege,0,default_data:874,anytagcreate,superuser
RolePrivilege,0,default_data:875,anytagdelete,superuser
RolePrivilege,0,default_data:876,anytagedit,superuser
RolePrivilege,0,default_data:877,anytagview,superuser
RolePrivilege,0,default_data:878,archive,superuser
RolePrivilege,0,default_data:879,assocmanage,superuser
RolePrivilege,0,default_data:880,assocview,superuser
RolePrivilege,0,default_data:881,attrmanage,superuser
RolePrivilege,0,default_data:882,attrview,superuser
RolePrivilege,0,default_data:883,bulkinvcreate,superuser
RolePrivilege,0,default_data:884,bulkinvdelete,superuser
RolePrivilege,0,default_data:885,bulkinvedit,superuser
RolePrivilege,0,default_data:886,bulkinvview,superuser
RolePrivilege,0,default_data:887,catmanage,superuser
RolePrivilege,0,default_data:888,catview,superuser
RolePrivilege,0,default_data:889,checktransfer,superuser
RolePrivilege,0,default_data:890,claimclose,superuser
RolePrivilege,0,default_data:891,claimcreate,superuser
RolePrivilege,0,default_data:892,claimedit,superuser
RolePrivilege,0,default_data:893,claimeditclsd,superuser
RolePrivilege,0,default_data:894,claimintegadmin,superuser
RolePrivilege,0,default_data:895,claimown,superuser
RolePrivilege,0,default_data:896,claimprint,superuser
RolePrivilege,0,default_data:897,claimprtsmanage,superuser
RolePrivilege,0,default_data:898,claimprtsmanclsd,superuser
RolePrivilege,0,default_data:899,claimraown,superuser
RolePrivilege,0,default_data:900,claimraunown,superuser
RolePrivilege,0,default_data:901,claimremflag,superuser
RolePrivilege,0,default_data:902,claimreopen,superuser
RolePrivilege,0,default_data:903,claimselectplcy,superuser
RolePrivilege,0,default_data:904,claimslplcyclsd,superuser
RolePrivilege,0,default_data:905,claimusermanage,superuser
RolePrivilege,0,default_data:906,claimusermanclsd,superuser
RolePrivilege,0,default_data:907,claimvalidate,superuser
RolePrivilege,0,default_data:908,claimview,superuser
RolePrivilege,0,default_data:909,claimviewpay,superuser
RolePrivilege,0,default_data:910,claimviewrec,superuser
RolePrivilege,0,default_data:911,claimviewrecres,superuser
RolePrivilege,0,default_data:912,claimviewres,superuser
RolePrivilege,0,default_data:913,clearedpayvoid,superuser
RolePrivilege,0,default_data:914,covverifymanage,superuser
RolePrivilege,0,default_data:915,covverifyview,superuser
RolePrivilege,0,default_data:916,ctccreate,superuser
RolePrivilege,0,default_data:917,ctcedit,superuser
RolePrivilege,0,default_data:918,ctcview,superuser
RolePrivilege,0,default_data:919,delprivnote,superuser
RolePrivilege,0,default_data:920,debugtools,superuser
RolePrivilege,0,default_data:921,delmednote,superuser
RolePrivilege,0,default_data:922,delsensdoc,superuser
RolePrivilege,0,default_data:923,delsensnote,superuser
RolePrivilege,0,default_data:924,doccreate,superuser
RolePrivilege,0,default_data:925,doccreateclsd,superuser
RolePrivilege,0,default_data:926,docdelete,superuser
RolePrivilege,0,default_data:927,docdeleteclsd,superuser
RolePrivilege,0,default_data:928,docedit,superuser
RolePrivilege,0,default_data:929,docmodifyall,superuser
RolePrivilege,0,default_data:930,docview,superuser
RolePrivilege,0,default_data:931,docviewall,superuser
RolePrivilege,0,default_data:932,edbclaimact,superuser
RolePrivilege,0,default_data:933,edbclaimcounts,superuser
RolePrivilege,0,default_data:934,edbcurrfin,superuser
RolePrivilege,0,default_data:935,edbpdfin,superuser
RolePrivilege,0,default_data:936,editmednote,superuser
RolePrivilege,0,default_data:937,editprivnote,superuser
RolePrivilege,0,default_data:938,editsensdoc,superuser
RolePrivilege,0,default_data:939,editsensnote,superuser
RolePrivilege,0,default_data:940,editSensMCMdetails,superuser
RolePrivilege,0,default_data:941,editSensSIUdetails,superuser
RolePrivilege,0,default_data:942,editsubrodetails,superuser
RolePrivilege,0,default_data:943,evalcreate,superuser
RolePrivilege,0,default_data:944,evaledit,superuser
RolePrivilege,0,default_data:945,evaleditclsd,superuser
RolePrivilege,0,default_data:946,evalview,superuser
RolePrivilege,0,default_data:947,eventmessageview,superuser
RolePrivilege,0,default_data:948,expclose,superuser
RolePrivilege,0,default_data:949,expcreate,superuser
RolePrivilege,0,default_data:950,expedit,superuser
RolePrivilege,0,default_data:951,expeditclsd,superuser
RolePrivilege,0,default_data:952,expown,superuser
RolePrivilege,0,default_data:953,expraown,superuser
RolePrivilege,0,default_data:954,expraunown,superuser
RolePrivilege,0,default_data:955,expreopen,superuser
RolePrivilege,0,default_data:956,expvalidate,superuser
RolePrivilege,0,default_data:957,expview,superuser
RolePrivilege,0,default_data:958,groupcreate,superuser
RolePrivilege,0,default_data:959,groupdelete,superuser
RolePrivilege,0,default_data:960,groupedit,superuser
RolePrivilege,0,default_data:961,grouptreeview,superuser
RolePrivilege,0,default_data:962,groupview,superuser
RolePrivilege,0,default_data:963,holidaymanage,superuser
RolePrivilege,0,default_data:964,holidayview,superuser
RolePrivilege,0,default_data:965,ignoreacl,superuser
RolePrivilege,0,default_data:966,integadmin,superuser
RolePrivilege,0,default_data:967,internaltools,superuser
RolePrivilege,0,default_data:968,lvprint,superuser
RolePrivilege,0,default_data:969,manageldfctrs,superuser
RolePrivilege,0,default_data:970,manpaycreate,superuser
RolePrivilege,0,default_data:971,manpaydelete,superuser
RolePrivilege,0,default_data:972,manpayedit,superuser
RolePrivilege,0,default_data:973,mttrclose,superuser
RolePrivilege,0,default_data:974,mttrcreate,superuser
RolePrivilege,0,default_data:975,mttredit,superuser
RolePrivilege,0,default_data:976,mttreditclsd,superuser
RolePrivilege,0,default_data:977,mttrown,superuser
RolePrivilege,0,default_data:978,mttrraown,superuser
RolePrivilege,0,default_data:979,mttrraunown,superuser
RolePrivilege,0,default_data:980,mttrreopen,superuser
RolePrivilege,0,default_data:981,mttrview,superuser
RolePrivilege,0,default_data:982,ngtncreate,superuser
RolePrivilege,0,default_data:983,ngtnedit,superuser
RolePrivilege,0,default_data:984,ngtneditclsd,superuser
RolePrivilege,0,default_data:985,ngtnview,superuser
RolePrivilege,0,default_data:986,notecreate,superuser
RolePrivilege,0,default_data:987,notecreateclsd,superuser
RolePrivilege,0,default_data:988,notedelete,superuser
RolePrivilege,0,default_data:989,noteedit,superuser
RolePrivilege,0,default_data:990,noteeditbody,superuser
RolePrivilege,0,default_data:991,noteview,superuser
RolePrivilege,0,default_data:992,noteviewconf,superuser
RolePrivilege,0,default_data:993,ownsensclaim,superuser
RolePrivilege,0,default_data:994,ownsensclaimsub,superuser
RolePrivilege,0,default_data:995,paycreate,superuser
RolePrivilege,0,default_data:996,paydelete,superuser
RolePrivilege,0,default_data:997,payedit,superuser
RolePrivilege,0,default_data:998,payrecode,superuser
RolePrivilege,0,default_data:999,paystop,superuser
RolePrivilege,0,default_data:1000,payvoid,superuser
RolePrivilege,0,default_data:1001,plcyedit,superuser
RolePrivilege,0,default_data:1002,plcymakeeditable,superuser
RolePrivilege,0,default_data:1003,plcyview,superuser
RolePrivilege,0,default_data:1004,purge,superuser
RolePrivilege,0,default_data:1005,reccreate,superuser
RolePrivilege,0,default_data:1006,recdelete,superuser
RolePrivilege,0,default_data:1007,recedit,superuser
RolePrivilege,0,default_data:1008,recrescreate,superuser
RolePrivilege,0,default_data:1009,recresdelete,superuser
RolePrivilege,0,default_data:1010,recresedit,superuser
RolePrivilege,0,default_data:1011,recvoid,superuser
RolePrivilege,0,default_data:1012,regionmanage,superuser
RolePrivilege,0,default_data:1013,regionview,superuser
RolePrivilege,0,default_data:1014,report_manager,superuser
RolePrivilege,0,default_data:1015,report_user,superuser
RolePrivilege,0,default_data:1017,reporting_view,superuser
RolePrivilege,0,default_data:1018,rescreate,superuser
RolePrivilege,0,default_data:1019,resdelete,superuser
RolePrivilege,0,default_data:1020,resedit,superuser
RolePrivilege,0,default_data:1021,resyncmessage,superuser
RolePrivilege,0,default_data:1022,retrymessage,superuser
RolePrivilege,0,default_data:1023,reviewcreate,superuser
RolePrivilege,0,default_data:1024,reviewdeletecompleted,superuser
RolePrivilege,0,default_data:1025,reviewdeleteincomplete,superuser
RolePrivilege,0,default_data:1026,reviewedit,superuser
RolePrivilege,0,default_data:1027,reviewviewdetail,superuser
RolePrivilege,0,default_data:1028,reviewviewlist,superuser
RolePrivilege,0,default_data:1029,rolemanage,superuser
RolePrivilege,0,default_data:1030,roleview,superuser
RolePrivilege,0,default_data:1031,ruleadmin,superuser
RolePrivilege,0,default_data:1032,scrprmmanage,superuser
RolePrivilege,0,default_data:1033,scrprmview,superuser
RolePrivilege,0,default_data:1034,seczonemanage,superuser
RolePrivilege,0,default_data:1035,sendemail,superuser
RolePrivilege,0,default_data:1036,skipmessage,superuser
RolePrivilege,0,default_data:1037,soapadmin,superuser
RolePrivilege,0,default_data:1038,StorageUpdate,superuser
RolePrivilege,0,default_data:1039,usercreate,superuser
RolePrivilege,0,default_data:1041,useredit,superuser
RolePrivilege,0,default_data:1042,usereditattrs,superuser
RolePrivilege,0,default_data:1043,usereditlang,superuser
RolePrivilege,0,default_data:1044,usergrantauth,superuser
RolePrivilege,0,default_data:1045,usergrantroles,superuser
RolePrivilege,0,default_data:1046,userview,superuser
RolePrivilege,0,default_data:1047,userviewall,superuser
RolePrivilege,0,default_data:1049,viewactcal,superuser
RolePrivilege,0,default_data:1050,viewadmin,superuser
RolePrivilege,0,default_data:1051,viewassociations,superuser
RolePrivilege,0,default_data:1052,viewclaimbasics,superuser
RolePrivilege,0,default_data:1053,viewclaimevals,superuser
RolePrivilege,0,default_data:1054,viewclaimhistory,superuser
RolePrivilege,0,default_data:1055,viewclaimngtns,superuser
RolePrivilege,0,default_data:1056,viewclaimnotes,superuser
RolePrivilege,0,default_data:1057,viewclaimparties,superuser
RolePrivilege,0,default_data:1058,viewclaimsummary,superuser
RolePrivilege,0,default_data:1059,viewclaimsync,superuser
RolePrivilege,0,default_data:1060,viewdesktop,superuser
RolePrivilege,0,default_data:1061,viewdocs,superuser
RolePrivilege,0,default_data:1062,viewexposures,superuser
RolePrivilege,0,default_data:1063,viewfinsum,superuser
RolePrivilege,0,default_data:1064,viewmatters,superuser
RolePrivilege,0,default_data:1065,viewpolicy,superuser
RolePrivilege,0,default_data:1066,viewmednote,superuser
RolePrivilege,0,default_data:1067,viewprivnote,superuser
RolePrivilege,0,default_data:1068,viewsearch,superuser
RolePrivilege,0,default_data:1069,viewsensdoc,superuser
RolePrivilege,0,default_data:1070,viewsensnote,superuser
RolePrivilege,0,default_data:1071,viewSensMCMdetails,superuser
RolePrivilege,0,default_data:1072,viewSensSIUdetails,superuser
RolePrivilege,0,default_data:1073,viewsnapshot,superuser
RolePrivilege,0,default_data:1074,viewsubrodetails,superuser
RolePrivilege,0,default_data:1075,viewsupcalendar,superuser
RolePrivilege,0,default_data:1076,viewteam,superuser
RolePrivilege,0,default_data:1077,viewvacation,superuser
RolePrivilege,0,default_data:1078,viewworkload,superuser
RolePrivilege,0,default_data:1079,viewworkplan,superuser
RolePrivilege,0,default_data:1080,wcrefmanage,superuser
RolePrivilege,0,default_data:1081,wcrefview,superuser
RolePrivilege,0,default_data:1082,workflowview,superuser
RolePrivilege,0,default_data:1083,workflowmanage,superuser
RolePrivilege,0,default_data:1084,actpatcreate,user_admin
RolePrivilege,0,default_data:1085,actpatdelete,user_admin
RolePrivilege,0,default_data:1086,actpatedit,user_admin
RolePrivilege,0,default_data:1087,actpatview,user_admin
RolePrivilege,0,default_data:1088,actraown,user_admin
RolePrivilege,0,default_data:1089,actraunown,user_admin
RolePrivilege,0,default_data:1090,alpmanage,user_admin
RolePrivilege,0,default_data:1091,alpview,user_admin
RolePrivilege,0,default_data:1092,attrmanage,user_admin
RolePrivilege,0,default_data:1093,attrview,user_admin
RolePrivilege,0,default_data:1094,claimraown,user_admin
RolePrivilege,0,default_data:1095,claimraunown,user_admin
RolePrivilege,0,default_data:1096,clearedpayvoid,user_admin
RolePrivilege,0,default_data:1097,covverifymanage,user_admin
RolePrivilege,0,default_data:1098,covverifyview,user_admin
RolePrivilege,0,default_data:1099,debugtools,user_admin
RolePrivilege,0,default_data:1100,expraown,user_admin
RolePrivilege,0,default_data:1101,expraunown,user_admin
RolePrivilege,0,default_data:1102,groupcreate,user_admin
RolePrivilege,0,default_data:1103,groupdelete,user_admin
RolePrivilege,0,default_data:1104,groupedit,user_admin
RolePrivilege,0,default_data:1105,grouptreeview,user_admin
RolePrivilege,0,default_data:1106,groupview,user_admin
RolePrivilege,0,default_data:1107,holidaymanage,user_admin
RolePrivilege,0,default_data:1108,holidayview,user_admin
RolePrivilege,0,default_data:1109,manageldfctrs,user_admin
RolePrivilege,0,default_data:1110,mttrraown,user_admin
RolePrivilege,0,default_data:1111,mttrraunown,user_admin
RolePrivilege,0,default_data:1112,regionmanage,user_admin
RolePrivilege,0,default_data:1113,regionview,user_admin
RolePrivilege,0,default_data:1114,rolemanage,user_admin
RolePrivilege,0,default_data:1115,roleview,user_admin
RolePrivilege,0,default_data:1116,scrprmmanage,user_admin
RolePrivilege,0,default_data:1117,scrprmview,user_admin
RolePrivilege,0,default_data:1118,seczonemanage,user_admin
RolePrivilege,0,default_data:1119,soapadmin,user_admin
RolePrivilege,0,default_data:1120,usercreate,user_admin
RolePrivilege,0,default_data:1122,useredit,user_admin
RolePrivilege,0,default_data:1123,usereditattrs,user_admin
RolePrivilege,0,default_data:1124,usereditlang,user_admin
RolePrivilege,0,default_data:1125,usergrantauth,user_admin
RolePrivilege,0,default_data:1126,usergrantroles,user_admin
RolePrivilege,0,default_data:1127,userview,user_admin
RolePrivilege,0,default_data:1128,viewadmin,user_admin
RolePrivilege,0,default_data:1129,wcrefmanage,user_admin
RolePrivilege,0,default_data:1130,wcrefview,user_admin
RolePrivilege,0,default_data:1131,abview,viewer
RolePrivilege,0,default_data:1132,abviewsearch,viewer
RolePrivilege,0,default_data:1133,actview,viewer
RolePrivilege,0,default_data:1134,anytagview,viewer
RolePrivilege,0,default_data:1135,assocview,viewer
RolePrivilege,0,default_data:1136,claimview,viewer
RolePrivilege,0,default_data:1137,claimviewpay,viewer
RolePrivilege,0,default_data:1138,claimviewrec,viewer
RolePrivilege,0,default_data:1139,claimviewrecres,viewer
RolePrivilege,0,default_data:1140,claimviewres,viewer
RolePrivilege,0,default_data:1141,ctcview,viewer
RolePrivilege,0,default_data:1142,docview,viewer
RolePrivilege,0,default_data:1143,evalview,viewer
RolePrivilege,0,default_data:1144,expvalidate,viewer
RolePrivilege,0,default_data:1145,expview,viewer
RolePrivilege,0,default_data:1146,mttrview,viewer
RolePrivilege,0,default_data:1147,ngtnview,viewer
RolePrivilege,0,default_data:1148,reviewviewdetail,viewer
RolePrivilege,0,default_data:1149,reviewviewlist,viewer
RolePrivilege,0,default_data:1150,usereditlang,viewer
RolePrivilege,0,default_data:1151,viewassociations,viewer
RolePrivilege,0,default_data:1152,viewclaimbasics,viewer
RolePrivilege,0,default_data:1153,viewclaimevals,viewer
RolePrivilege,0,default_data:1154,viewclaimngtns,viewer
RolePrivilege,0,default_data:1155,viewclaimnotes,viewer
RolePrivilege,0,default_data:1156,viewclaimparties,viewer
RolePrivilege,0,default_data:1157,viewclaimsummary,viewer
RolePrivilege,0,default_data:1158,viewexposures,viewer
RolePrivilege,0,default_data:1159,viewfinsum,viewer
RolePrivilege,0,default_data:1160,viewmatters,viewer
RolePrivilege,0,default_data:1161,viewsearch,viewer
RolePrivilege,0,default_data:1162,viewsnapshot,viewer
RolePrivilege,0,default_data:1163,viewsubrodetails,viewer
RolePrivilege,0,default_data:1164,exchratemanual ,adjuster
RolePrivilege,0,default_data:1165,exchratemanual ,claims_supervisor
RolePrivilege,0,default_data:1166,exchratemanual ,clerical
RolePrivilege,0,default_data:1167,exchratemanual ,manager
RolePrivilege,0,default_data:1168,exchratemanual ,newloss_supervisor
RolePrivilege,0,default_data:1169,exchratemanual ,superuser
RolePrivilege,0,default_data:1170,reinsuranceedit,adjuster
RolePrivilege,0,default_data:1171,reinsuranceedit,superuser
RolePrivilege,0,default_data:1172,abedit,reinsurance_manager
RolePrivilege,0,default_data:1173,abview,reinsurance_manager
RolePrivilege,0,default_data:1174,abviewsearch,reinsurance_manager
RolePrivilege,0,default_data:1175,actcreate,reinsurance_manager
RolePrivilege,0,default_data:1176,actcreateclsd,reinsurance_manager
RolePrivilege,0,default_data:1177,actown,reinsurance_manager
RolePrivilege,0,default_data:1178,actqueuenext,reinsurance_manager
RolePrivilege,0,default_data:1179,actraown,reinsurance_manager
RolePrivilege,0,default_data:1180,actraunown,reinsurance_manager
RolePrivilege,0,default_data:1181,actview,reinsurance_manager
RolePrivilege,0,default_data:1182,anytagedit,reinsurance_manager
RolePrivilege,0,default_data:1183,anytagview,reinsurance_manager
RolePrivilege,0,default_data:1184,assocmanage,reinsurance_manager
RolePrivilege,0,default_data:1185,assocview,reinsurance_manager
RolePrivilege,0,default_data:1186,claimclose,reinsurance_manager
RolePrivilege,0,default_data:1187,claimedit,reinsurance_manager
RolePrivilege,0,default_data:1188,claimown,reinsurance_manager
RolePrivilege,0,default_data:1189,claimprint,reinsurance_manager
RolePrivilege,0,default_data:1190,claimprtsmanage,reinsurance_manager
RolePrivilege,0,default_data:1191,claimraown,reinsurance_manager
RolePrivilege,0,default_data:1192,claimreopen,reinsurance_manager
RolePrivilege,0,default_data:1193,claimselectplcy,reinsurance_manager
RolePrivilege,0,default_data:1194,claimusermanage,reinsurance_manager
RolePrivilege,0,default_data:1195,claimvalidate,reinsurance_manager
RolePrivilege,0,default_data:1196,claimview,reinsurance_manager
RolePrivilege,0,default_data:1197,claimviewpay,reinsurance_manager
RolePrivilege,0,default_data:1198,claimviewrec,reinsurance_manager
RolePrivilege,0,default_data:1199,claimviewrecres,reinsurance_manager
RolePrivilege,0,default_data:1200,claimviewres,reinsurance_manager
RolePrivilege,0,default_data:1201,ctccreate,reinsurance_manager
RolePrivilege,0,default_data:1202,ctcedit,reinsurance_manager
RolePrivilege,0,default_data:1203,ctcview,reinsurance_manager
RolePrivilege,0,default_data:1204,doccreate,reinsurance_manager
RolePrivilege,0,default_data:1205,doccreateclsd,reinsurance_manager
RolePrivilege,0,default_data:1206,docedit,reinsurance_manager
RolePrivilege,0,default_data:1207,docview,reinsurance_manager
RolePrivilege,0,default_data:1208,evalcreate,reinsurance_manager
RolePrivilege,0,default_data:1209,evaledit,reinsurance_manager
RolePrivilege,0,default_data:1210,evalview,reinsurance_manager
RolePrivilege,0,default_data:1211,expcreate,reinsurance_manager
RolePrivilege,0,default_data:1212,expedit,reinsurance_manager
RolePrivilege,0,default_data:1213,expown,reinsurance_manager
RolePrivilege,0,default_data:1214,expraown,reinsurance_manager
RolePrivilege,0,default_data:1215,expraunown,reinsurance_manager
RolePrivilege,0,default_data:1216,expreopen,reinsurance_manager
RolePrivilege,0,default_data:1217,expvalidate,reinsurance_manager
RolePrivilege,0,default_data:1218,expview,reinsurance_manager
RolePrivilege,0,default_data:1219,lvprint,reinsurance_manager
RolePrivilege,0,default_data:1220,mttrclose,reinsurance_manager
RolePrivilege,0,default_data:1221,mttrcreate,reinsurance_manager
RolePrivilege,0,default_data:1222,mttredit,reinsurance_manager
RolePrivilege,0,default_data:1223,mttrown,reinsurance_manager
RolePrivilege,0,default_data:1224,mttrraown,reinsurance_manager
RolePrivilege,0,default_data:1225,mttrraunown,reinsurance_manager
RolePrivilege,0,default_data:1226,mttrreopen,reinsurance_manager
RolePrivilege,0,default_data:1227,mttrview,reinsurance_manager
RolePrivilege,0,default_data:1228,notecreate,reinsurance_manager
RolePrivilege,0,default_data:1229,notecreateclsd,reinsurance_manager
RolePrivilege,0,default_data:1230,noteedit,reinsurance_manager
RolePrivilege,0,default_data:1231,noteview,reinsurance_manager
RolePrivilege,0,default_data:1232,noteviewconf,reinsurance_manager
RolePrivilege,0,default_data:1233,plcyedit,reinsurance_manager
RolePrivilege,0,default_data:1234,plcymakeeditable,reinsurance_manager
RolePrivilege,0,default_data:1235,plcyview,reinsurance_manager
RolePrivilege,0,default_data:1236,reinsuranceedit,reinsurance_manager
RolePrivilege,0,default_data:1237,sendemail,reinsurance_manager
RolePrivilege,0,default_data:1238,usereditlang,reinsurance_manager
RolePrivilege,0,default_data:1239,userviewall,reinsurance_manager
RolePrivilege,0,default_data:1240,viewactcal,reinsurance_manager
RolePrivilege,0,default_data:1241,viewassociations,reinsurance_manager
RolePrivilege,0,default_data:1242,viewclaimbasics,reinsurance_manager
RolePrivilege,0,default_data:1243,viewclaimevals,reinsurance_manager
RolePrivilege,0,default_data:1244,viewclaimhistory,reinsurance_manager
RolePrivilege,0,default_data:1245,viewclaimngtns,reinsurance_manager
RolePrivilege,0,default_data:1246,viewclaimnotes,reinsurance_manager
RolePrivilege,0,default_data:1247,viewclaimparties,reinsurance_manager
RolePrivilege,0,default_data:1248,viewclaimsummary,reinsurance_manager
RolePrivilege,0,default_data:1249,viewclaimsync,reinsurance_manager
RolePrivilege,0,default_data:1250,viewdesktop,reinsurance_manager
RolePrivilege,0,default_data:1251,viewdocs,reinsurance_manager
RolePrivilege,0,default_data:1252,viewexposures,reinsurance_manager
RolePrivilege,0,default_data:1253,viewfinsum,reinsurance_manager
RolePrivilege,0,default_data:1254,viewmatters,reinsurance_manager
RolePrivilege,0,default_data:1255,viewpolicy,reinsurance_manager
RolePrivilege,0,default_data:1256,viewsearch,reinsurance_manager
RolePrivilege,0,default_data:1257,viewSensMCMdetails,reinsurance_manager
RolePrivilege,0,default_data:1258,viewsnapshot,reinsurance_manager
RolePrivilege,0,default_data:1259,viewsubrodetails,reinsurance_manager
RolePrivilege,0,default_data:1260,viewvacation,reinsurance_manager
RolePrivilege,0,default_data:1261,viewworkload,reinsurance_manager
RolePrivilege,0,default_data:1262,viewworkplan,reinsurance_manager
RolePrivilege,0,default_data:1263,riedit,reinsurance_manager
RolePrivilege,0,default_data:1264,riview,reinsurance_manager
RolePrivilege,0,default_data:1265,editdeductible,adjuster
RolePrivilege,0,default_data:1266,editdeductible,claims_supervisor
RolePrivilege,0,default_data:1267,editdeductible,manager
RolePrivilege,0,default_data:1268,editdeductible,newloss_supervisor
RolePrivilege,0,default_data:1269,editdeductible,superuser
RolePrivilege,0,default_data:1270,reinsthresholdedit,superuser
RolePrivilege,0,default_data:1271,reinsthresholdedit,reinsurance_manager
RolePrivilege,0,default_data:1272,viewadmin,reinsurance_manager
RolePrivilege,0,default_data:1273,reinsthresholdview,superuser
RolePrivilege,0,default_data:1274,reinsthresholdview,reinsurance_manager
RolePrivilege,0,default_data:1275,toolsbatchprocessedit,superuser
RolePrivilege,0,default_data:1276,toolsbatchprocessview,superuser
RolePrivilege,0,default_data:1277,toolsclusteredit,superuser
RolePrivilege,0,default_data:1278,toolsclusterview,superuser
RolePrivilege,0,default_data:1279,toolsinfoview,superuser
RolePrivilege,0,default_data:1280,toolsJMXBeansview,superuser
RolePrivilege,0,default_data:1281,toolsjprofileredit,superuser
RolePrivilege,0,default_data:1282,toolslogedit,superuser
RolePrivilege,0,default_data:1283,toolslogview,superuser
RolePrivilege,0,default_data:1284,toolsPluginedit,superuser
RolePrivilege,0,default_data:1285,toolsPluginview,superuser
RolePrivilege,0,default_data:1286,toolsprofileredit,superuser
RolePrivilege,0,default_data:1287,toolsprofilerview,superuser
RolePrivilege,0,default_data:1288,toolsworkqueueedit,superuser
RolePrivilege,0,default_data:1289,toolsworkqueueview,superuser
RolePrivilege,0,default_data:1290,toolsbatchprocessview,toolview
RolePrivilege,0,default_data:1291,toolsclusterview,toolview
RolePrivilege,0,default_data:1292,toolsinfoview,toolview
RolePrivilege,0,default_data:1293,toolsJMXBeansview,toolview
RolePrivilege,0,default_data:1294,toolslogview,toolview
RolePrivilege,0,default_data:1295,toolsPluginview,toolview
RolePrivilege,0,default_data:1296,toolsprofilerview,toolview
RolePrivilege,0,default_data:1297,buswkmanage,superuser
RolePrivilege,0,default_data:1298,buswkview,superuser
RolePrivilege,0,default_data:1299,zonemanage,superuser
RolePrivilege,0,default_data:1300,zoneview,superuser
RolePrivilege,0,default_data:1301,orgcreate,superuser
RolePrivilege,0,default_data:1302,orgdelete,superuser
RolePrivilege,0,default_data:1303,orgeditbasic,superuser
RolePrivilege,0,default_data:1304,orgsearch,superuser
RolePrivilege,0,default_data:1305,orgviewbasic,superuser
RolePrivilege,0,default_data:1306,viewrefdata,superuser
RolePrivilege,0,default_data:1307,editrefdata,superuser
RolePrivilege,0,default_data:1308,riedit,superuser
RolePrivilege,0,default_data:1309,riview,superuser
RolePrivilege,0,default_data:1310,viewpolicysystem,adjuster
RolePrivilege,0,default_data:1311,viewpolicysystem,claims_supervisor
RolePrivilege,0,default_data:1312,viewpolicysystem,manager
RolePrivilege,0,default_data:1313,viewpolicysystem,newloss_supervisor
RolePrivilege,0,default_data:1314,viewpolicysystem,superuser
RolePrivilege,0,default_data:1315,actview,underwriter
RolePrivilege,0,default_data:1316,assocview,underwriter
RolePrivilege,0,default_data:1317,claimprint,underwriter
RolePrivilege,0,default_data:1318,claimview,underwriter
RolePrivilege,0,default_data:1319,claimviewpay,underwriter
RolePrivilege,0,default_data:1320,claimviewrec,underwriter
RolePrivilege,0,default_data:1321,claimviewrecres,underwriter
RolePrivilege,0,default_data:1322,claimviewres,underwriter
RolePrivilege,0,default_data:1323,ctcview,underwriter
RolePrivilege,0,default_data:1324,docview,underwriter
RolePrivilege,0,default_data:1325,evalview,underwriter
RolePrivilege,0,default_data:1326,expview,underwriter
RolePrivilege,0,default_data:1327,lvprint,underwriter
RolePrivilege,0,default_data:1328,mttrview,underwriter
RolePrivilege,0,default_data:1329,ngtnview,underwriter
RolePrivilege,0,default_data:1330,noteview,underwriter
RolePrivilege,0,default_data:1331,plcyview,underwriter
RolePrivilege,0,default_data:1332,reviewviewdetail,underwriter
RolePrivilege,0,default_data:1333,reviewviewlist,underwriter
RolePrivilege,0,default_data:1334,viewassociations,underwriter
RolePrivilege,0,default_data:1335,viewclaimbasics,underwriter
RolePrivilege,0,default_data:1336,viewclaimevals,underwriter
RolePrivilege,0,default_data:1337,viewclaimngtns,underwriter
RolePrivilege,0,default_data:1338,viewclaimnotes,underwriter
RolePrivilege,0,default_data:1339,viewclaimparties,underwriter
RolePrivilege,0,default_data:1340,viewclaimsummary,underwriter
RolePrivilege,0,default_data:1341,viewdocs,underwriter
RolePrivilege,0,default_data:1342,viewexposures,underwriter
RolePrivilege,0,default_data:1343,viewfinsum,underwriter
RolePrivilege,0,default_data:1344,viewmatters,underwriter
RolePrivilege,0,default_data:1345,viewpolicy,underwriter
RolePrivilege,0,default_data:1346,viewsearch,underwriter
RolePrivilege,0,default_data:1347,viewsnapshot,underwriter
RolePrivilege,0,default_data:1348,viewsubrodetails,underwriter
RolePrivilege,0,default_data:1349,viewworkplan,underwriter
RolePrivilege,0,default_data:1350,reporting_view,adjuster
RolePrivilege,0,default_data:1351,toolsJMXBeansEdit,superuser
RolePrivilege,0,default_data:1352,metriclimitmanage,superuser
RolePrivilege,0,default_data:1353,toolsCacheinfoview,superuser
RolePrivilege,0,default_data:1354,accountview,superuser
RolePrivilege,0,default_data:1355,accountmng,superuser
RolePrivilege,0,default_data:1356,accountview,account_manager
RolePrivilege,0,default_data:1357,accountmng,account_manager
RolePrivilege,0,default_data:1358,unsetcovinquestion,manager
RolePrivilege,0,default_data:1359,unsetcovinquestion,claims_supervisor
RolePrivilege,0,default_data:1360,unsetcovinquestion,newloss_supervisor
RolePrivilege,0,default_data:1361,unsetcovinquestion,superuser
RolePrivilege,0,default_data:1362,ignoreacl,reinsurance_manager
RolePrivilege,0,default_data:1363,custsvctierview,custsvctier_manager
RolePrivilege,0,default_data:1364,custsvctiermng,custsvctier_manager
RolePrivilege,0,default_data:1365,custsvctierview,superuser
RolePrivilege,0,default_data:1366,custsvctiermng,superuser
RolePrivilege,0,default_data:1367,wwlmanage,superuser
RolePrivilege,0,default_data:1368,wwlview,superuser
RolePrivilege,0,default_data:1369,wwlcmanage,superuser
RolePrivilege,0,default_data:1370,wwlcview,superuser
RolePrivilege,0,default_data:1371,wwlmanage,manager
RolePrivilege,0,default_data:1372,wwlview,manager
RolePrivilege,0,default_data:1373,soapadmin,webservice_client
RolePrivilege,0,default_data:1374,admindatachangeview,superuser
RolePrivilege,0,default_data:1375,wsdatachangeedit,superuser
RolePrivilege,0,default_data:1376,admindatachangeexec,superuser
RolePrivilege,0,default_data:1377,changecontactsubtype,superuser
RolePrivilege,0,default_data:1378,changecontactsubtype,contact_subtype
RolePrivilege,0,default_data:1379,soapadmin,contact_subtype
RolePrivilege,0,default_data:1380,actqueueassign,superuser
RolePrivilege,0,default_data:1381,subroown,adjuster
RolePrivilege,0,default_data:1382,subroown,claims_supervisor
RolePrivilege,0,default_data:1383,subroown,manager
RolePrivilege,0,default_data:1384,subroown,newloss_supervisor
RolePrivilege,0,default_data:1385,subroown,superuser
RolePrivilege,0,default_data:1386,wwlview,claims_supervisor
RolePrivilege,0,default_data:1387,activityruleedit,superuser
RolePrivilege,0,default_data:1388,activityruleview,superuser
RolePrivilege,0,default_data:1389,activityruleimport,superuser
RolePrivilege,0,default_data:1390,activityruleapprove,superuser
RolePrivilege,0,default_data:1391,activityruledeploy,superuser
RolePrivilege,0,default_data:1392,activityruleview,activity_rules_viewer
RolePrivilege,0,default_data:1393,activityruleedit,activity_rules_editor
RolePrivilege,0,default_data:1394,activityruleview,activity_rules_editor
RolePrivilege,0,default_data:1395,activityruleedit,activity_rules_admin
RolePrivilege,0,default_data:1396,activityruleview,activity_rules_admin
RolePrivilege,0,default_data:1397,activityruleimport,activity_rules_admin
RolePrivilege,0,default_data:1398,activityruleapprove,activity_rules_admin
RolePrivilege,0,default_data:1399,activityruledeploy,activity_rules_admin
